Workbook

Sheet Dashboard
A1: 2030 | O1: Chart Data
O2: Month | P2: Target Asset | Q2: Actual Asset
O3: =TEXT('Monthly Tracker'!A3,"yyyy-mm") | P3: ='Monthly Tracker'!C3 | Q3: ='Monthly Tracker'!F3
A4: 시작 자산 | E4: 2029-12 목표 | I4: 최종 예상 목표액 | O4: =TEXT('Monthly Tracker'!A4,"yyyy-mm") | P4: ='Monthly Tracker'!C4 | Q4: ='Monthly Tracker'!F4
A5: =CONCATENATE("₩ ",TEXT(Assumptions!$B$5,"#,##0")) | E5: =CONCATENATE("₩ ",TEXT(Assumptions!$B$7,"#,##0")) | I5: =CONCATENATE("₩ ",TEXT('Monthly Tracker'!$C$45,"#,##0")) | O5: =TEXT('Monthly Tracker'!A5,"yyyy-mm") | P5: ='Monthly Tracker'!C5 | Q5: ='Monthly Tracker'!F5
O6: =TEXT('Monthly Tracker'!A6,"yyyy-mm") | P6: ='Monthly Tracker'!C6 | Q6: ='Monthly Tracker'!F6
O7: =TEXT('Monthly Tracker'!A7,"yyyy-mm") | P7: ='Monthly Tracker'!C7 | Q7: ='Monthly Tracker'!F7
O8: =TEXT('Monthly Tracker'!A8,"yyyy-mm") | P8: ='Monthly Tracker'!C8 | Q8: ='Monthly Tracker'!F8
A9: 필요 배수 | E9: 월 목표 수익률 (Phase 1) | I9: 10억 대비 Gap | O9: =TEXT('Monthly Tracker'!A9,"yyyy-mm") | P9: ='Monthly Tracker'!C9 | Q9: ='Monthly Tracker'!F9
A10: =TEXT(Assumptions!$B$7/Assumptions!$B$5,"0.0x") | E10: =TEXT(Assumptions!$B$6,"0.0%") | I10: =CONCATENATE("₩ ",TEXT(Assumptions!$B$7-'Monthly Tracker'!$C$45,"#,##0")) | O10: =TEXT('Monthly Tracker'!A10,"yyyy-mm") | P10: ='Monthly Tracker'!C10 | Q10: ='Monthly Tracker'!F10
O11: =TEXT('Monthly Tracker'!A11,"yyyy-mm") | P11: ='Monthly Tracker'!C11 | Q11: ='Monthly Tracker'!F11
O12: =TEXT('Monthly Tracker'!A12,"yyyy-mm") | P12: ='Monthly Tracker'!C12 | Q12: ='Monthly Tracker'!F12
E13: 핵심 진행 상황 | O13: =TEXT('Monthly Tracker'!A15,"yyyy-mm") | P13: ='Monthly Tracker'!C15 | Q13: ='Monthly Tracker'!F15
E14: 항목 | F14: 값 | O14: =TEXT('Monthly Tracker'!A16,"yyyy-mm") | P14: ='Monthly Tracker'!C16 | Q14: ='Monthly Tracker'!F16
E15: 기간 개월 수 | F15: =COUNT('Monthly Tracker'!$A$3:$A$45) | O15: =TEXT('Monthly Tracker'!A17,"yyyy-mm") | P15: ='Monthly Tracker'!C17 | Q15: ='Monthly Tracker'!F17
E16: 최근 입력 실제 자산 | F16: =CONCATENATE("₩ ",TEXT(IFERROR(LOOKUP(2,1/('Monthly Tracker'!$F$3:$E$45<>""),'Monthly Tracker'!$F$3:$E$45),Assumptions!$B$5),"#,##0")) | O16: =TEXT('Monthly Tracker'!A18,"yyyy-mm") | P16: ='Monthly Tracker'!C18 | Q16: ='Monthly Tracker'!F18
E17: 최근 목표 대비 Gap | F17: =IFERROR(CONCATENATE("₩ ",TEXT(LOOKUP(2,1/('Monthly Tracker'!$F$3:$E$45<>""),'Monthly Tracker'!$I$3:$H$45),"#,##0")),"") | O17: =TEXT('Monthly Tracker'!A19,"yyyy-mm") | P17: ='Monthly Tracker'!C19 | Q17: ='Monthly Tracker'!F19
E18: 최근 달성률 | F18: =IFERROR(TEXT(LOOKUP(2,1/('Monthly Tracker'!$F$3:$E$45<>""),'Monthly Tracker'!$J$3:$I$45),"0.0%"),"") | O18: =TEXT('Monthly Tracker'!A20,"yyyy-mm") | P18: ='Monthly Tracker'!C20 | Q18: ='Monthly Tracker'!F20
E19: 현재 상태 | F19: =IF(IFERROR(LOOKUP(2,1/('Monthly Tracker'!$F$3:$E$45<>""),'Monthly Tracker'!$F$3:$E$45),Assumptions!$B$5)>=LOOKUP(2,1/('Monthly Tracker'!$C$3:$C$45<>""),'Monthly Tracker'!$C$3:$C$45),"On Track","Input / Behind") | O19: =TEXT('Monthly Tracker'!A21,"yyyy-mm") | P19: ='Monthly Tracker'!C21 | Q19: ='Monthly Tracker'!F21
O20: =TEXT('Monthly Tracker'!A22,"yyyy-mm") | P20: ='Monthly Tracker'!C22 | Q20: ='Monthly Tracker'!F22
O21: =TEXT('Monthly Tracker'!A23,"yyyy-mm") | P21: ='Monthly Tracker'!C23 | Q21: ='Monthly Tracker'!F23
O22: =TEXT('Monthly Tracker'!A24,"yyyy-mm") | P22: ='Monthly Tracker'!C24 | Q22: ='Monthly Tracker'!F24
O23: =TEXT('Monthly Tracker'!A25,"yyyy-mm") | P23: ='Monthly Tracker'!C25 | Q23: ='Monthly Tracker'!F25
O24: =TEXT('Monthly Tracker'!A26,"yyyy-mm") | P24: ='Monthly Tracker'!C26 | Q24: ='Monthly Tracker'!F26
O25: =TEXT('Monthly Tracker'!A27,"yyyy-mm") | P25: ='Monthly Tracker'!C27 | Q25: ='Monthly Tracker'!F27
O26: =TEXT('Monthly Tracker'!A28,"yyyy-mm") | P26: ='Monthly Tracker'!C28 | Q26: ='Monthly Tracker'!F28
O27: =TEXT('Monthly Tracker'!A29,"yyyy-mm") | P27: ='Monthly Tracker'!C29 | Q27: ='Monthly Tracker'!F29
O28: =TEXT('Monthly Tracker'!A30,"yyyy-mm") | P28: ='Monthly Tracker'!C30 | Q28: ='Monthly Tracker'!F30
O29: =TEXT('Monthly Tracker'!A31,"yyyy-mm") | P29: ='Monthly Tracker'!C31 | Q29: ='Monthly Tracker'!F31
O30: =TEXT('Monthly Tracker'!A32,"yyyy-mm") | P30: ='Monthly Tracker'!C32 | Q30: ='Monthly Tracker'!F32
O31: =TEXT('Monthly Tracker'!A33,"yyyy-mm") | P31: ='Monthly Tracker'!C33 | Q31: ='Monthly Tracker'!F33
... O43: =TEXT('Monthly Tracker'!A45,"yyyy-mm") | P43: ='Monthly Tracker'!C45 | Q43: ='Monthly Tracker'!F45

Sheet Monthly Tracker
A1: Monthly Asset Growth Tracker
A2: Month | B2: Month # | C2: Target Asset (KRW) | D2: Target Monthly Gain (KRW) | E2: Target Monthly Return | F2: Actual Asset (KRW) | G2: Actual Monthly Gain (KRW) | H2: Actual Monthly Return | I2: Gap vs Target (KRW) | J2: Achievement Rate | K2: Next Month Required Return | L2: Status | M2: Memo
A3: 46174 | B3: 0 | C3: =Assumptions!$B$5 | I3: =IF(F3="","",F3-C3) | J3: =IF(F3="","",F3/C3) | K3: =IF(F3>0,C4/F3-1,"") | L3: =IF(F3="","Not entered",IF(F3>=C3,"On track","Behind"))
A4: 46204 | B4: 1 | C4: =C3*(1+E4) | D4: =C4-C3 | E4: =IF($B4<=Assumptions!$B$10,Assumptions!$B$6,Assumptions!$B$11) | G4: =IF(OR(F4="",F3=""),"",F4-F3) | H4: =IF(OR(F4="",F3=0,F3=""),"",F4/F3-1) | I4: =IF(F4="","",F4-C4) | J4: =IF(F4="","",F4/C4) | K4: =IF(F4>0,C5/F4-1,"") | L4: =IF(F4="","Not entered",IF(F4>=C4,"On track","Behind"))
A5: 46235 | B5: 2 | C5: =C4*(1+E5) | D5: =C5-C4 | E5: =IF($B5<=Assumptions!$B$10,Assumptions!$B$6,Assumptions!$B$11) | G5: =IF(OR(F5="",F4=""),"",F5-F4) | H5: =IF(OR(F5="",F4=0,F4=""),"",F5/F4-1) | I5: =IF(F5="","",F5-C5) | J5: =IF(F5="","",F5/C5) | K5: =IF(F5>0,C6/F5-1,"") | L5: =IF(F5="","Not entered",IF(F5>=C5,"On track","Behind"))
A6: 46266 | B6: 3 | C6: =C5*(1+E6) | D6: =C6-C5 | E6: =IF($B6<=Assumptions!$B$10,Assumptions!$B$6,Assumptions!$B$11) | G6: =IF(OR(F6="",F5=""),"",F6-F5) | H6: =IF(OR(F6="",F5=0,F5=""),"",F6/F5-1) | I6: =IF(F6="","",F6-C6) | J6: =IF(F6="","",F6/C6) | K6: =IF(F6>0,C7/F6-1,"") | L6: =IF(F6="","Not entered",IF(F6>=C6,"On track","Behind"))
A7: 46296 | B7: 4 | C7: =C6*(1+E7) | D7: =C7-C6 | E7: =IF($B7<=Assumptions!$B$10,Assumptions!$B$6,Assumptions!$B$11) | G7: =IF(OR(F7="",F6=""),"",F7-F6) | H7: =IF(OR(F7="",F6=0,F6=""),"",F7/F6-1) | I7: =IF(F7="","",F7-C7) | J7: =IF(F7="","",F7/C7) | K7: =IF(F7>0,C8/F7-1,"") | L7: =IF(F7="","Not entered",IF(F7>=C7,"On track","Behind"))
A8: 46327 | B8: 5 | C8: =C7*(1+E8) | D8: =C8-C7 | E8: =IF($B8<=Assumptions!$B$10,Assumptions!$B$6,Assumptions!$B$11) | G8: =IF(OR(F8="",F7=""),"",F8-F7) | H8: =IF(OR(F8="",F7=0,F7=""),"",F8/F7-1) | I8: =IF(F8="","",F8-C8) | J8: =IF(F8="","",F8/C8) | K8: =IF(F8>0,C9/F8-1,"") | L8: =IF(F8="","Not entered",IF(F8>=C8,"On track","Behind"))
A9: 46357 | B9: 6 | C9: =C8*(1+E9) | D9: =C9-C8 | E9: =IF($B9<=Assumptions!$B$10,Assumptions!$B$6,Assumptions!$B$11) | G9: =IF(OR(F9="",F8=""),"",F9-F8) | H9: =IF(OR(F9="",F8=0,F8=""),"",F9/F8-1) | I9: =IF(F9="","",F9-C9) | J9: =IF(F9="","",F9/C9) | K9: =IF(F9>0,C10/F9-1,"") | L9: =IF(F9="","Not entered",IF(F9>=C9,"On track","Behind"))
A10: 46388 | B10: 7 | C10: =C9*(1+E10) | D10: =C10-C9 | E10: =IF($B10<=Assumptions!$B$10,Assumptions!$B$6,Assumptions!$B$11) | G10: =IF(OR(F10="",F9=""),"",F10-F9) | H10: =IF(OR(F10="",F9=0,F9=""),"",F10/F9-1) | I10: =IF(F10="","",F10-C10) | J10: =IF(F10="","",F10/C10) | K10: =IF(F10>0,C11/F10-1,"") | L10: =IF(F10="","Not entered",IF(F10>=C10,"On track","Behind"))
A11: 46419 | B11: 8 | C11: =C10*(1+E11) | D11: =C11-C10 | E11: =IF($B11<=Assumptions!$B$10,Assumptions!$B$6,Assumptions!$B$11) | G11: =IF(OR(F11="",F10=""),"",F11-F10) | H11: =IF(OR(F11="",F10=0,F10=""),"",F11/F10-1) | I11: =IF(F11="","",F11-C11) | J11: =IF(F11="","",F11/C11) | K11: =IF(F11>0,C12/F11-1,"") | L11: =IF(F11="","Not entered",IF(F11>=C11,"On track","Behind"))
A12: 46447 | B12: 9 | C12: =C11*(1+E12) | D12: =C12-C11 | E12: =IF($B12<=Assumptions!$B$10,Assumptions!$B$6,Assumptions!$B$11) | G12: =IF(OR(F12="",F11=""),"",F12-F11) | H12: =IF(OR(F12="",F11=0,F11=""),"",F12/F11-1) | I12: =IF(F12="","",F12-C12) | J12: =IF(F12="","",F12/C12) | K12: =IF(F12>0,C13/F12-1,"") | L12: =IF(F12="","Not entered",IF(F12>=C12,"On track","Behind"))
A13: 46478 | B13: 10 | C13: =C12*(1+E13) | D13: =C13-C12 | E13: =IF($B13<=Assumptions!$B$10,Assumptions!$B$6,Assumptions!$B$11) | G13: =IF(OR(F13="",F12=""),"",F13-F12) | H13: =IF(OR(F13="",F12=0,F12=""),"",F13/F12-1) | I13: =IF(F13="","",F13-C13) | J13: =IF(F13="","",F13/C13) | K13: =IF(F13>0,C14/F13-1,"") | L13: =IF(F13="","Not entered",IF(F13>=C13,"On track","Behind"))
A14: 46508 | B14: 11 | C14: =C13*(1+E14) | D14: =C14-C13 | E14: =IF($B14<=Assumptions!$B$10,Assumptions!$B$6,Assumptions!$B$11) | G14: =IF(OR(F14="",F13=""),"",F14-F13) | H14: =IF(OR(F14="",F13=0,F13=""),"",F14/F13-1) | I14: =IF(F14="","",F14-C14) | J14: =IF(F14="","",F14/C14) | K14: =IF(F14>0,C15/F14-1,"") | L14: =IF(F14="","Not entered",IF(F14>=C14,"On track","Behind"))
A15: 46539 | B15: 12 | C15: =C14*(1+E15) | D15: =C15-C14 | E15: =IF($B15<=Assumptions!$B$10,Assumptions!$B$6,Assumptions!$B$11) | G15: =IF(OR(F15="",F14=""),"",F15-F14) | H15: =IF(OR(F15="",F14=0,F14=""),"",F15/F14-1) | I15: =IF(F15="","",F15-C15) | J15: =IF(F15="","",F15/C15) | K15: =IF(F15>0,C16/F15-1,"") | L15: =IF(F15="","Not entered",IF(F15>=C15,"On track","Behind"))
... A44: 47423 | B44: 41 | C44: =C43*(1+E44) | D44: =C44-C43 | E44: =IF($B44<=Assumptions!$B$10,Assumptions!$B$6,Assumptions!$B$11) | G44: =IF(OR(F44="",F43=""),"",F44-F43) | H44: =IF(OR(F44="",F43=0,F43=""),"",F44/F43-1) | I44: =IF(F44="","",F44-C44) | J44: =IF(F44="","",F44/C44) | K44: =IF(F44>0,C45/F44-1,"") | L44: =IF(F44="","Not entered",IF(F44>=C44,"On track","Behind"))
A45: 47453 | B45: 42 | C45: =C44*(1+E45) | D45: =C45-C44 | E45: =IF($B45<=Assumptions!$B$10,Assumptions!$B$6,Assumptions!$B$11) | G45: =IF(OR(F45="",F44=""),"",F45-F44) | H45: =IF(OR(F45="",F44=0,F44=""),"",F45/F44-1) | I45: =IF(F45="","",F45-C45) | J45: =IF(F45="","",F45/C45) | L45: =IF(F45="","Not entered",IF(F45>=C45,"On track","Behind"))

Sheet Assumptions
A1: Asset Growth Tracker Assumptions
A3: Start Month | B3: 46174
A4: End Month | B4: 47453
A5: Starting Asset (KRW) | B5: 60000000
A6: Phase 1 Monthly Return | B6: 0.2
A7: Target Asset (KRW) | B7: 1000000000
A8: Notes | B8: 시나리오: 2026-06 시작자산 6천만원(시작점, gain 없음). 2026-07~2026-11(Month 1~6) 월 20%, 2026-12부터(Month 7~) 월 12% 복리.
A10: Phase 1 End Month # | B10: 5
A11: Phase 2 Monthly Return | B11: 0.12
A14: Note: 2026-06(Month 0)은 시작점이라 gain·return 없음. 2026-07부터 target rate 적용.
